loan_id,predicted_recovery_rate
ARC104645,0.5796072954751197
ARC104205,0.5092263695138087
ARC102896,0.12939247083643718
ARC106617,0.21106257978145246
ARC105889,0.1736834965608744
ARC104291,0.7363229187034875
ARC101906,0.19498395039101984
ARC102909,0.41855437514819965
ARC107421,0.41329711479616205
ARC100276,0.08576536610963997
ARC101285,0.14506529825688014
ARC108825,0.5049590593084998
ARC105017,0.3420696026012046
ARC108738,0.43208433895805576
ARC103628,0.07606174613687294
ARC102614,0.12188036856801587
ARC103044,0.6433488259026842
ARC106384,0.2959348750049471
ARC101324,0.3825177217024544
ARC107249,0.5429777627819219
ARC101354,0.28523219186127047
ARC102070,0.4733575095836503
ARC108289,0.6143022844364434
ARC102341,0.19556174533129436
ARC101460,0.6133035256800132
ARC104221,0.48484945731944173
ARC100805,0.5114714145446508
ARC101620,0.28645554560881864
ARC105640,0.4296465026282083
ARC100663,0.371549569607431
ARC102708,0.6135820812336296
ARC104211,0.5602978916602919
ARC105348,0.4216495972653841
ARC107582,0.4441251775570158
ARC100761,0.6202490374203509
ARC107542,0.4936505840320049
ARC108917,0.5371392949501754
ARC105841,0.3893246374627173
ARC101682,0.6649692412579935
ARC107431,0.5746626319147441
ARC107697,0.5725757047097189
ARC100576,0.309584242161621
ARC101086,0.5086380468332998
ARC105705,0.2307522831751805
ARC101903,0.30673914043304285
ARC103861,0.240089112431084
ARC101010,0.48155077097521287
ARC103159,0.34162757740889504
ARC103708,0.3201249690424186
ARC106581,0.4311471587601371
ARC105441,0.18614896164500574
ARC104164,0.12474085457754702
ARC106171,0.7825238060553608
ARC105949,0.5030087171159413
ARC108606,0.5532952081932074
ARC101343,0.5342463078095313
ARC108743,0.5305326409380232
ARC106330,0.5407325936681475
ARC108770,0.3429747127794489
ARC100378,0.24464625147870203
ARC106583,0.4849872075768329
ARC104068,0.4812187645871456
ARC102568,0.3225424531429386
ARC101141,0.5430639673582562
ARC106239,0.39890298740643637
ARC103384,0.34095604104112265
ARC105480,0.41471409991264957
ARC104582,0.32205645957473567
ARC105472,0.4209996039233978
ARC105542,0.4989452976903122
ARC104250,0.5843113928329077
ARC105073,0.5599300275208041
ARC103667,0.42245702369762894
ARC107281,0.5215370956443938
ARC102873,0.573535529155107
ARC107425,0.18082198417262513
ARC105502,0.4249855003750482
ARC101224,0.3070105401511637
ARC107744,0.7135309799196485
ARC102333,0.5060969019650283
ARC104919,0.4414178760135163
ARC104548,0.4504911583368003
ARC104864,0.42313904269556457
ARC104643,0.2611492832011899
ARC100147,0.6835648314523284
ARC101280,0.48195085553655004
ARC102034,0.5794718027838479
ARC103396,0.23518300801399353
ARC104539,0.40794046090146446
ARC107302,0.22206202249101106
ARC107850,0.6292245093785153
ARC106336,0.3550959484607196
ARC103131,0.4628089942137498
ARC108819,0.5532740753167432
ARC103145,0.39384612433737487
ARC104736,0.4922000407437602
ARC103963,0.4687263763099055
ARC102250,0.21534973757332032
ARC107449,0.4007069776594215
ARC105089,0.4017941149539874
ARC107065,0.5436500836287554
ARC103474,0.6291155371780071
ARC107350,0.5187860999484992
ARC106816,0.30576623174982553
ARC105202,0.17754602918792833
ARC107081,0.43456424422926637
ARC106192,0.4854991300278484
ARC103214,0.5467584103098233
ARC101666,0.6845883720690566
ARC105826,0.21680342336489314
ARC102989,0.3668366495596601
ARC100232,0.7456120822724357
ARC104462,0.28464315191842693
ARC100063,0.14037751485808203
ARC100733,0.32434722683313744
ARC103106,0.2775037150716487
ARC106215,0.5649885653652742
ARC107469,0.33523957127249043
ARC104796,0.42972174264384705
ARC108615,0.5052976041726981
ARC108220,0.4499175758239223
ARC100413,0.5178564869573957
ARC105099,0.4093813462686758
ARC100112,0.4259881893100838
ARC102473,0.4947494610252479
ARC105679,0.11461891390636819
ARC107974,0.32768174678373246
ARC101485,0.33070610311603676
ARC101302,0.337698182392542
ARC106564,0.5328224746489022
ARC106429,0.4400983536578752
ARC103753,0.25264650683457857
ARC101338,0.567739954170817
ARC105558,0.1862324779410413
ARC106515,0.5275491873045549
ARC102741,0.41334224323353996
ARC102675,0.15644178523235436
ARC107266,0.3596508357322744
ARC104408,0.3583346744838873
ARC101126,0.42066577179793296
ARC102020,0.30996773652981546
ARC108050,0.6139350783561539
ARC106972,0.43564287297996934
ARC103176,0.5763004454873082
ARC107725,0.21568216268803825
ARC106091,0.5327453892431987
ARC106857,0.45991363950289343
ARC106649,0.5861315132929722
ARC102892,0.1208945094010263
ARC104281,0.39271561431209123
ARC105314,0.4073856128551891
ARC100305,0.5678841964023787
ARC105718,0.4156256856813888
ARC100179,0.30384251462383327
ARC106469,0.41785586861696655
ARC105388,0.19536845787005008
ARC105621,0.3208883704064819
ARC101144,0.5602277713583907
ARC104442,0.424658740473279
ARC108834,0.525557325974942
ARC101192,0.18406137053294733
ARC101797,0.35480293752880243
ARC101450,0.5240563052954728
ARC103925,0.3610036585700881
ARC100149,0.4312689174498547
ARC103613,0.3347847747708081
ARC105384,0.1754834083111961
ARC101320,0.5001513748654047
ARC103773,0.40559573232743035
ARC106969,0.4623541480562129
ARC104006,0.42842338256105195
ARC108053,0.2901785242891647
ARC100556,0.32388392721237974
ARC102867,0.28222598287356354
ARC106652,0.3431120566676509
ARC100345,0.39619615130737196
ARC101977,0.39185834714306433
ARC102474,0.32031603873250575
ARC101968,0.4405733267170549
ARC101634,0.5378058731246266
ARC105890,0.2930398795832292
ARC107870,0.4325488964622374
ARC102288,0.4886483541541313
ARC104042,0.7073627821431674
ARC105753,0.3581681753010372
ARC105072,0.48807593471248834
ARC106441,0.6564319065906733
ARC107175,0.09141596646363737
ARC101157,0.320177909135369
ARC107989,0.5390368979634558
ARC107286,0.2635648608069848
ARC102887,0.5156962082262874
ARC103997,0.2117517055392961
ARC107504,0.3581859390272683
ARC107568,0.38706056700600716
ARC104474,0.22173744963206773
ARC101429,0.15448389832515885
ARC103357,0.3363019384676688
ARC103324,0.4963270458790198
ARC106767,0.45004354788115586
ARC105203,0.21593309392630275
ARC102116,0.2589366789127874
ARC106521,0.23457383805218723
ARC101739,0.4144955832681668
ARC104905,0.5120795492224831
ARC107404,0.3931384997647878
ARC101544,0.6625802605185007
ARC105567,0.7971390693695659
ARC106727,0.5138590023995092
ARC106723,0.589502606097904
ARC106342,0.13969667524137214
ARC100875,0.5968765287453817
ARC103313,0.5236977966966094
ARC101521,0.5551154011039695
ARC102955,0.27616483052041796
ARC101169,0.0604444802565966
ARC107267,0.12854220196683697
ARC105505,0.43405795909249545
ARC102481,0.5204733850929627
ARC103712,0.3496885980583904
ARC108332,0.358628863570418
ARC102201,0.5378726978202384
ARC108355,0.3389689319543273
ARC102930,0.41171650843911545
ARC106321,0.3317350593907044
ARC100335,0.5345298566259101
ARC101757,0.20293346504054913
ARC106320,0.512762626382699
ARC102599,0.6551089135164553
ARC103566,0.24785503130610895
ARC100500,0.4848815755064546
ARC107883,0.38176429307395093
ARC100052,0.3163288755708711
ARC106434,0.44455248947225895
ARC101762,0.4638117019078173
ARC104622,0.33870862193302653
ARC100054,0.44895792309952287
ARC108977,0.28753742762031975
ARC107381,0.30242635163380405
ARC107839,0.304471739848833
ARC102174,0.36293424912209205
ARC100491,0.40486087299082907
ARC103505,0.31833147829142383
ARC103624,0.5014756844024894
ARC106152,0.5882461170690659
ARC103538,0.3867871056007679
ARC108653,0.5964376925513287
ARC102801,0.6842891556571851
ARC107739,0.4432053950015765
ARC103087,0.21504610362753346
ARC104867,0.38268769019154203
ARC105686,0.29368659526994034
ARC107206,0.5230507585554591
ARC106527,0.3864113523613698
ARC102953,0.18913185196849527
ARC102408,0.39423117587019774
ARC103561,0.6190883977142129
ARC108240,0.08675116972153424
ARC105262,0.7228599405882925
ARC101263,0.3619754851640058
ARC104937,0.5087420380378134
ARC105233,0.42381868781709037
ARC103333,0.1407510671340259
ARC104188,0.5001280190831968
ARC106277,0.31420835109019074
ARC104553,0.32332955376494993
ARC103019,0.25709976801836076
ARC100940,0.12219615182654514
ARC102450,0.6821239721143768
ARC103038,0.5238085771920581
ARC103894,0.44304039473805756
ARC107073,0.4981050679353599
ARC103464,0.2809728374003393
ARC106804,0.45410986355858723
ARC100738,0.23429853980680806
ARC105746,0.4216139283586436
ARC103376,0.5063804780732007
ARC108541,0.48895376583782557
ARC100270,0.4534923805534303
ARC106802,0.4341112260767314
ARC100420,0.18945654347317842
ARC106818,0.5675906948187952
ARC108424,0.5210629809390296
ARC102724,0.24309843276359647
ARC105174,0.2606055648694695
ARC100667,0.36579572269333527
ARC105985,0.6622825737359677
ARC108765,0.557378983099094
ARC106576,0.46731297718460196
ARC107329,0.5062419211324333
ARC101680,0.8118907387446749
ARC100325,0.45307987874760625
ARC102208,0.3442848250545252
ARC100036,0.4599878363852064
ARC101458,0.3997850404507089
ARC102269,0.30304446905366
ARC108662,0.3241950948760207
ARC106575,0.38494436352008554
ARC106961,0.38262208131852604
ARC106361,0.2440497334838133
ARC102215,0.3983231750536204
ARC107956,0.587289545329305
ARC108042,0.1895063951817905
ARC103439,0.6049050999655257
ARC100154,0.5801273348464745
ARC107841,0.8578363918764897
ARC107689,0.2513520580096567
ARC100275,0.19278741973503083
ARC102383,0.503094793291294
ARC100479,0.2723981458993687
ARC103867,0.1362365499785047
ARC101791,0.3342874850912215
ARC106764,0.3088968201671072
ARC101229,0.6244503871715267
ARC100488,0.3831458103647506
ARC103339,0.4126818486253803
ARC105182,0.48436452286595316
ARC107015,0.6568064978581926
ARC104508,0.4709172428304009
ARC104980,0.5773060921604756
ARC104853,0.18136144564471407
ARC102038,0.4737932008394777
ARC105451,0.49178326948473927
ARC106135,0.561727151414525
ARC104239,0.5766321173423323
ARC104568,0.3219185691104313
ARC100885,0.558299314206864
ARC103641,0.24423397509399816
ARC104744,0.5040559557605657
ARC103777,0.31257315466638136
ARC108892,0.4194560734711353
ARC104370,0.6892863178296889
ARC106623,0.2710361231528897
ARC107985,0.568706134211824
ARC103745,0.2494488640273096
ARC108956,0.6743182368500911
ARC100011,0.21487522392400427
ARC102687,0.3437909118488107
ARC100075,0.3511157977384386
ARC106089,0.6384466964945765
ARC107241,0.6454381789179351
ARC107221,0.6001214097716441
ARC102856,0.3304683656616263
ARC106591,0.2363243754952925
ARC106547,0.6228221987738324
ARC105669,0.21538785197090193
ARC104543,0.3661037148403213
ARC108580,0.49142854974378325
ARC102289,0.6630413247838263
ARC105516,0.14984922109541005
ARC100056,0.49900691216141746
ARC106083,0.19052306011036257
ARC108790,0.2992688981407937
ARC105279,0.6833097524300021
ARC105627,0.36946060647042006
ARC100515,0.25046549161268095
ARC103112,0.5172892637396083
ARC105177,0.5090272206181459
ARC101661,0.25445041596722917
ARC107497,0.6325858128253428
ARC101111,0.35521719817503467
ARC107762,0.3543007440786455
ARC100374,0.5838628340328523
ARC104875,0.6473477290353229
ARC107736,0.13259703654847788
ARC108310,0.5808300068723952
ARC104375,0.403087866841164
ARC103898,0.5228256640934418
ARC105987,0.4441433868929908
ARC101997,0.3735259273434795
ARC107477,0.5946959828051368
ARC108463,0.38719209529619
ARC106784,0.45188215856508507
ARC102113,0.404668073716839
ARC108650,0.5449948423569859
ARC103253,0.22277158042401096
ARC102852,0.803779614365455
ARC105992,0.35717367619294654
ARC104607,0.40764916058422873
ARC107759,0.5739831826154492
ARC106186,0.16669120741460153
ARC100965,0.4960898164441233
ARC103455,0.507219143436483
ARC105559,0.6529222606312515
ARC108681,0.5078649231802083
ARC103634,0.4468522791053111
ARC102405,0.30140406877927883
ARC104078,0.12433707508968811
ARC107833,0.19056420809495528
ARC102258,0.6939073430535407
ARC101802,0.4778340835638327
ARC108176,0.19054660712059948
ARC107457,0.15946734900228077
ARC104231,0.5847698860025156
ARC100892,0.16966504249174522
ARC106457,0.29925215224517115
ARC107637,0.49646249923538877
ARC101440,0.3900232987702212
ARC108325,0.16828134321894073
ARC102021,0.6353517151481796
ARC105147,0.41975869587209963
ARC104510,0.1593436851260926
ARC106145,0.35332504461129743
ARC103856,0.49099829649530824
ARC104562,0.47265794192266597
ARC101583,0.732724049791635
ARC106267,0.5049640416105544
ARC105497,0.544946690450518
ARC100421,0.6770045775170843
ARC101875,0.6339708750116305
ARC105464,0.246337266016625
ARC108860,0.5167056790656663
ARC106435,0.5453019761625414
ARC106793,0.628488723212308
ARC105242,0.25888792807711203
ARC103484,0.621475069096189
ARC103061,0.34689713917390114
ARC107082,0.14213831529581966
ARC107632,0.7142725610073575
ARC101407,0.4821297188091552
ARC105886,0.5796041700490457
ARC101675,0.5578643399322848
ARC107882,0.1417594581617987
ARC107899,0.21843141170508315
ARC102284,0.33841410794647064
ARC102788,0.25903467483149295
ARC101390,0.5157674099243378
ARC103834,0.40585719692219574
ARC104133,0.45268141604698137
ARC104350,0.5146696792811847
ARC100924,0.5951136127416121
ARC107948,0.42878881932424645
ARC107649,0.7957455745654222
ARC100563,0.3099010906142059
ARC100162,0.6315769548718384
ARC106663,0.30813441576552014
ARC106861,0.5113173243109661
ARC102685,0.23524866096454508
ARC104975,0.5451233140249003
ARC105227,0.5131494482550186
ARC104835,0.24145835954742614
ARC101463,0.5027678088913474
ARC101935,0.4879670104732721
ARC107570,0.39059075415162503
ARC101989,0.4708558178666693
ARC100901,0.45011110773301605
ARC103228,0.4817883424686253
ARC102011,0.4241284274096941
ARC105426,0.5616684274055876
ARC104570,0.2786010750573782
ARC103449,0.2597534575542033
ARC101193,0.11919726773598088
ARC103698,0.6523184257457219
ARC102028,0.23488891905479115
ARC107693,0.3207708589745093
ARC104424,0.28360000411852665
ARC104774,0.384910456570447
ARC108874,0.5284980058207128
ARC107309,0.41934634606810034
ARC105093,0.7845125517665494
ARC107401,0.42321798939552013
ARC102301,0.29059114927411117
ARC100830,0.4953762736843297
ARC102984,0.3463576556419388
ARC107208,0.3472183313831055
ARC102193,0.45382713996883595
ARC106755,0.5175182314983526
ARC107984,0.34814125517861616
ARC106532,0.36381784703121023
ARC108433,0.44233989886980535
ARC101589,0.48551690676345594
ARC102270,0.40745045193834317
ARC103782,0.46352537392591386
ARC102054,0.3415542228454876
ARC105760,0.4601547103227823
ARC108656,0.746085579824517
ARC108339,0.17957254265188458
ARC100890,0.14152219450387
ARC106633,0.47676972081671887
ARC101637,0.4361060980167424
ARC103267,0.5449686841978327
ARC101572,0.4443865640248462
ARC100314,0.6588965980966334
ARC106019,0.5726535720949184
ARC107205,0.5252194848363118
ARC107824,0.3927711219062828
ARC101831,0.5120467201425049
ARC108299,0.08102751677235498
ARC106826,0.6194716968011157
ARC104465,0.472392602228778
ARC106136,0.4489522569098403
ARC100652,0.4118416997757408
ARC104882,0.5927913813909899
ARC108740,0.2980086355242834
ARC108125,0.5201502023808807
ARC104472,0.12832562897741195
ARC103910,0.45430566079570484
ARC100855,0.37673411646886107
ARC106456,0.43641697584165773
ARC107901,0.4399490959776592
ARC101648,0.1009114040216823
ARC103021,0.6120897720738256
ARC101312,0.5824930760637663
ARC100896,0.5172651841359596
ARC102836,0.18957234193202063
ARC108257,0.36049423261943425
ARC102883,0.22627242805542774
ARC106529,0.30649223951499754
ARC102662,0.4241486708199397
ARC108751,0.400341784260637
ARC108392,0.39091406914296606
ARC101039,0.3592225045596393
ARC101344,0.47521917616820664
ARC102522,0.3190337624775741
ARC107797,0.6363467466387085
ARC105814,0.5180166458979959
ARC103203,0.6114759634553815
ARC102610,0.6666034203133477
ARC105069,0.5334618204920115
ARC107022,0.6574234034535481
ARC103691,0.612090897229666
ARC103174,0.13168026513268377
ARC100221,0.7180063867446589
ARC106876,0.15363120962472937
ARC100905,0.5588874740141175
ARC102572,0.4162795191506927
ARC104597,0.4191839611742731
ARC105676,0.5331579565829252
ARC106644,0.6073348716342983
ARC108277,0.8154143358925339
ARC104081,0.5715843326538915
ARC100615,0.6104719879338318
ARC102161,0.34959583088034624
ARC102466,0.5992974292578424
ARC107746,0.24507917981104085
ARC104283,0.424097783129283
ARC103323,0.4174505242749843
ARC105494,0.5732270465108777
ARC105270,0.44098341277705366
ARC103545,0.18869770758237803
ARC100934,0.5960575316226193
ARC103952,0.27912826644184796
ARC103047,0.7607733871294289
ARC105456,0.5792395229618535
ARC100539,0.3842000704361582
ARC108992,0.32741202963681515
ARC105006,0.6413730474140126
ARC104754,0.2805103363667667
ARC104298,0.08212008173877366
ARC104237,0.5623952929436411
ARC105445,0.18100617290658733
ARC104757,0.6470719990246607
ARC101279,0.2977752834691562
ARC100842,0.21140271516091544
ARC107355,0.6862060302964439
ARC106013,0.6160309459835456
ARC103722,0.471624502359723
ARC105370,0.33853340021497075
ARC103294,0.551530024368243
ARC103331,0.59302519033191
ARC102127,0.4035254467725667
ARC103923,0.20378228341496946
ARC107976,0.3521981498231352
ARC107027,0.23540131607684855
ARC101441,0.3117672370944855
ARC106219,0.6458873608511414
ARC105199,0.3654167213064738
ARC101473,0.5100001773111283
ARC105100,0.47371186861362163
ARC102000,0.42069288194138943
ARC105620,0.24752750441184304
ARC102830,0.22926760200885557
ARC103399,0.4752700186382837
ARC100582,0.21919529905211907
ARC106913,0.5897862701782798
ARC104382,0.17770978928067918
ARC107972,0.45404866257283233
ARC103860,0.28913629918577166
ARC106730,0.4211071868365873
ARC107110,0.4478966033171303
ARC104051,0.37445953133377147
ARC103468,0.10067689064979513
ARC102035,0.33520721731521363
ARC102170,0.47927892500597347
ARC101741,0.3277283704411699
ARC104100,0.23012620278746124
ARC101686,0.3895939650943768
ARC107608,0.2785747583087508
ARC102655,0.46192288360739614
ARC101419,0.1600315163337821
ARC105970,0.2846078140505336
ARC101897,0.3878567257448592
ARC100458,0.39258753740789687
ARC105647,0.6330075463474025
ARC105201,0.5781096306241156
ARC103265,0.2656959282623814
ARC100227,0.4991850040947247
ARC100796,0.5149879888821477
ARC107982,0.582109023963113
ARC104151,0.5041836852873635
ARC108695,0.49839893890253023
ARC105417,0.4926315256134937
ARC102169,0.540308323001142
ARC105363,0.49101229325172635
ARC104541,0.3033202412477978
ARC103178,0.5529820285407108
ARC103409,0.44693799186295347
ARC101858,0.4532138621141889
ARC107952,0.5332530467925344
ARC103030,0.30297327889788056
ARC102588,0.3311399715167329
ARC104411,0.6242682340840763
ARC100100,0.5855341955920444
ARC105978,0.4105217451037146
ARC104869,0.15666505647565243
ARC102209,0.5213979599814738
ARC102933,0.4274530383112082
ARC100948,0.6810519873545433
ARC104522,0.22129384456603837
ARC106716,0.16389351638427502
ARC100835,0.5764895429015984
ARC104024,0.43928553888902444
ARC106100,0.4818614212325745
ARC101163,0.377832399010399
ARC101642,0.3213541464931474
ARC101511,0.5729192760445729
ARC102292,0.39171376630022076
ARC108184,0.6575852285292646
ARC103164,0.4383861428937286
ARC106691,0.5435012816123301
ARC102701,0.5079522439277782
ARC100412,0.11757545956371812
ARC108611,0.522138685164326
ARC107630,0.29519144380322626
ARC103080,0.3287254975607134
ARC104431,0.6604293851119045
ARC107480,0.2584247672985531
ARC103219,0.3942549490140417
ARC104113,0.45200075620705055
ARC103711,0.5257812953494575
ARC108387,0.6873266869223122
ARC106917,0.4611219378535988
ARC107938,0.19388199177283788
ARC106807,0.5727799761710687
ARC100415,0.4258996296701808
ARC103659,0.63623590765398
ARC100121,0.41712847253182295
ARC100062,0.6500980542452013
ARC106991,0.3577216854484423
ARC106698,0.6254755251869883
ARC105468,0.4517559607170252
ARC103930,0.6898231810668791
ARC102172,0.5369098887886684
ARC100242,0.28647909171954145
ARC100922,0.5112014141809217
ARC104972,0.6575173950062889
ARC105998,0.3061700351696609
ARC105838,0.15577711998755628
ARC104048,0.22925178682086503
ARC107214,0.30307342828136935
ARC106170,0.3332664488185465
ARC100717,0.49257784455467846
ARC105537,0.6076534017964664
ARC107306,0.3019603277361633
ARC108870,0.37747712771824926
ARC105235,0.55794718711384
ARC108706,0.2860980167927396
ARC100213,0.41570704419216065
ARC108470,0.21048455783672573
ARC100695,0.4830774494301838
ARC107750,0.3415464689380905
ARC102503,0.3834988529087585
ARC105439,0.3590026467406149
ARC107892,0.6587964364176073
ARC101707,0.4355928265358605
ARC105706,0.4993345023920722
ARC101260,0.24835253722277228
ARC100540,0.5983836776141143
ARC104507,0.5359877679173154
ARC103274,0.40675263967776304
ARC108520,0.6366205460290754
ARC107690,0.408013970207558
ARC100971,0.496553805319716
ARC105492,0.4795335334484609
ARC102805,0.3849146074098405
ARC105565,0.5729611162611108
ARC101436,0.19143463651245943
ARC108258,0.26915712130373914
ARC108376,0.626338887413051
ARC104003,0.3417727722666126
ARC102983,0.4502594952921535
ARC103681,0.33324715982772024
ARC108960,0.10137922418829709
ARC100903,0.1404327487453521
ARC102268,0.5277923784671869
ARC101925,0.15202704259250138
ARC105622,0.5126762792029012
ARC103311,0.514276092633456
ARC108013,0.5249741083247951
ARC101057,0.48632595425977476
ARC103700,0.5015211804750369
ARC102535,0.2692278651783611
ARC100522,0.4972107287555354
ARC101754,0.12920365161335723
ARC102431,0.7145267387996612
ARC107064,0.5806339492477944
ARC104518,0.5335857636751655
ARC102705,0.5971377661417892
ARC100748,0.359479356793905
ARC108126,0.4191495203023215
ARC103037,0.17228062654263285
ARC106033,0.44478022493247216
ARC108460,0.16726166730392686
ARC104660,0.6528016655383393
ARC108221,0.650542632885839
ARC101136,0.43668769557530945
ARC107992,0.5414868804219909
ARC103693,0.5204180742098095
ARC107303,0.6048069616425829
ARC100210,0.2100920764022347
ARC100511,0.24524721974199046
ARC101083,0.41420462909087635
ARC104080,0.379774503727313
ARC100678,0.43693800060089527
ARC106273,0.31028773368019563
ARC107439,0.27121778781645717
ARC102271,0.668706251312378
ARC103610,0.5233694815988555
ARC103475,0.2705114499676089
ARC100459,0.23990533371956607
ARC107076,0.4915010838059671
ARC100770,0.36840692316301
ARC105617,0.38903589736580774
ARC108348,0.25550785524973163
ARC101763,0.560077122050948
ARC100732,0.5970007518924052
ARC104762,0.23465304355491962
ARC104143,0.4782866365045061
ARC102199,0.2585939344541106
ARC107803,0.49535601016898057
ARC104093,0.5131711808327943
ARC105579,0.31863620908469276
ARC103397,0.0698053358019689
ARC101673,0.0
ARC101646,0.5434844267061075
ARC104071,0.6631958412442526
ARC103853,0.5140902747688718
ARC101708,0.31300800152100916
ARC104964,0.09730560654611192
ARC102519,0.5336453769122762
ARC107149,0.44443550503782964
ARC102246,0.5743116661931986
ARC102203,0.5401110182330526
ARC104640,0.3876036357320537
ARC102551,0.23823001966150473
ARC106417,0.18112688362435053
ARC104898,0.3671401539742289
ARC105291,0.3328941093127517
ARC108047,0.4436499208249361
ARC108399,0.3790854238535652
ARC106318,0.32077645274695005
ARC106935,0.4844062762357417
ARC105619,0.4154637393194491
ARC107612,0.2580349903572766
ARC102717,0.5724825709590621
ARC101617,0.4589175416316248
ARC102769,0.30143430946348826
ARC105126,0.6146990962339216
ARC104021,0.2326002308278397
ARC103277,0.5205398022239316
ARC100804,0.604652140463463
ARC103338,0.6223079228657367
ARC108598,0.5286797295550398
ARC103543,0.6033862195526055
ARC100181,0.03820576723215813
ARC105109,0.45231684075212675
ARC108147,0.14786124412667134
ARC100208,0.5973972433210584
ARC107703,0.4813893795894839
ARC108582,0.5713021114494697
ARC102785,0.33877339782560995
ARC107823,0.47442133263544256
ARC108294,0.310165281406158
ARC105183,0.3445322224637518
ARC106281,0.5518483709343982
ARC105217,0.5143016994575923
ARC108082,0.13013212419731235
ARC106928,0.5102410343053088
ARC102715,0.3682449479532486
ARC102878,0.26515057402968656
ARC100484,0.2109836455604536
ARC104477,0.1251882914571208
ARC107262,0.5452609000778723
ARC101910,0.43519480804450156
ARC100287,0.27535653300340024
ARC108798,0.5907552622918865
ARC102379,0.5134017765701658
ARC105007,0.19628296170880238
ARC106675,0.3910019355541428
ARC102434,0.3174902298566399
ARC101268,0.12512017667166508
ARC103830,0.3749010209428901
ARC100047,0.6368441354399607
ARC107758,0.6495374774397014
ARC107231,0.5205533135841386
ARC103186,0.4963187734070545
ARC108701,0.4735867733061253
ARC101543,0.5452799778373877
ARC102555,0.2993575307503765
ARC108293,0.5153892947150795
ARC100247,0.4115635373492714
ARC107481,0.5050679235097175
ARC107945,0.15798452204425795
ARC103077,0.6486986629291427
ARC101334,0.3337731770485552
ARC102315,0.21274833513864388
ARC107028,0.4024228643880755
ARC106843,0.36610719494472244
ARC105296,0.4720019193196588
ARC103085,0.4339919671572546
ARC102094,0.5303749368714017
ARC108558,0.5022632156580837
ARC107727,0.6552821138407419
ARC102392,0.2692166390303118
ARC105704,0.2643131961545315
ARC102134,0.30039979503562836
ARC100718,0.09529529083665772
ARC106255,0.4392166902888282
ARC107096,0.6041538714403552
ARC107634,0.24637179564395992
ARC106393,0.4572912323627972
ARC101172,0.5901261331910215
ARC100295,0.32124889232286
ARC103143,0.2055989389464841
ARC102282,0.5528781517657786
ARC108453,0.36291970173286575
ARC104540,0.620784992171239
ARC108955,0.5115413081753014
ARC104300,0.25585256125601435
ARC101601,0.4632262416843142
ARC101970,0.5696129912886181
ARC102346,0.3897969637079517
ARC107136,0.32813422897095623
ARC104551,0.30610268800334695
ARC104676,0.33756505369607026
ARC105879,0.6278127069351349
ARC105861,0.46392656538934196
ARC103249,0.3497563413364133
ARC108201,0.26881778586471744
ARC100685,0.48634584636957623
ARC101391,0.34131329101973956
ARC102495,0.48165066336217915
ARC101494,0.22095670374965432
ARC103299,0.6018142047757055
ARC107451,0.25282316283611983
ARC103959,0.3681367725309061
ARC105866,0.6521767130066459
ARC103039,0.6418106958155904
ARC105186,0.4122372769389796
ARC103984,0.6164898370760432
ARC102101,0.5747540830345891
ARC108266,0.5810108712386095
ARC101876,0.6615955414658556
ARC104407,0.4875461525744919
ARC100533,0.3344924112594111
ARC104884,0.19910673611367033
ARC100673,0.30791353364515084
ARC105976,0.6445661398092011
ARC100377,0.4568068532685646
ARC103197,0.4408914057202809
ARC103063,0.3776554527470304
ARC101414,0.34139361226742787
ARC108462,0.4504874906575419
ARC106048,0.392858789053123
ARC104444,0.40621444181830163
ARC107473,0.5956655823532149
ARC103673,0.5552648510886116
ARC108945,0.29285073954100116
ARC108674,0.5846430800237912
ARC103921,0.6452456462429219
ARC107342,0.29029182293806577
ARC105927,0.7000577864006725
ARC106401,0.3825147486820454
ARC105231,0.27305744155521045
ARC100140,0.4717048203945756
ARC100641,0.60881472021422
ARC104469,0.539737169981614
ARC100863,0.3779994167274936
ARC100541,0.6180949474817042
ARC104894,0.5670544017182609
ARC102680,0.42661817917473516
ARC100094,0.38952556100130625
ARC107973,0.49003853707936174
ARC106559,0.5153331044512992
ARC101195,0.44088676141182503
ARC107285,0.456309295718918
ARC102091,0.42126415956064445
ARC103406,0.3066747410933551
ARC104369,0.5476657760593256
ARC108250,0.5544047889119339
ARC108308,0.6355013649929941
ARC103587,0.19045404135385446
ARC106535,0.6325476832961299
ARC108958,0.2228038847341383
ARC104240,0.5249855279492842
ARC102261,0.1672722532866174
ARC100158,0.39622854794047574
ARC100750,0.45361378356647164
ARC107183,0.625737891835098
ARC105289,0.3078257801795541
ARC101568,0.3525154910235474
ARC108271,0.25367793877458167
ARC107848,0.31500386459866947
ARC100460,0.326346418665461
ARC103605,0.5719275548316143
ARC103361,0.32870795579947504
ARC105799,0.6642319982698037
ARC106713,0.4045728507008931
ARC106162,0.46348981161355957
ARC107614,0.39425654591088494
ARC102962,0.429573711662649
ARC107894,0.39150451447822865
ARC105649,0.08415724416501574
ARC107795,0.2702357711641187
ARC103194,0.4714650400310745
ARC104596,0.23494016625102448
ARC108300,0.49933603028773144
ARC101228,0.37673530842712677
ARC102417,0.1792282820071676
ARC101167,0.4613593203817286
ARC105325,0.23046905595168252
ARC102820,0.586582363040582
ARC108187,0.31888458797800956
ARC101928,0.5377953535939678
ARC108270,0.14710190743153467
ARC100102,0.5838163930756419
ARC108281,0.5984177691795076
ARC105901,0.45543320723976266
ARC107601,0.3158344882534052
ARC100852,0.3911465823463239
ARC102124,0.60785571956843
ARC100445,0.5244965297561653
ARC103747,0.19476961247590868
ARC105948,0.22260398408162996
ARC102928,0.45970964856615787
ARC103236,0.21119003798490246
ARC108342,0.18096652458747353
ARC108844,0.15749074570735472
ARC107944,0.24171701505043852
ARC101900,0.41084226677536667
ARC106907,0.5584341981382498
ARC107013,0.655640853484561
ARC108211,0.27537180716129894
ARC107446,0.5113624375668643
ARC106035,0.548803681263668
ARC107001,0.3719473407046036
ARC100900,0.3963097117200901
ARC107191,0.7751162523076541
ARC103892,0.5798624097194846
ARC105858,0.7277750772893653
ARC105898,0.4245664753526723
ARC107158,0.479438412356224
ARC108092,0.6599932133966083
ARC107871,0.48846986589171737
ARC105407,0.37001060234271727
ARC106244,0.6243401078922682
ARC106486,0.41766606436697795
ARC106811,0.6244107517997411
ARC103227,0.43163342877245764
ARC100244,0.3842594080404629
ARC108467,0.4724760679021399
ARC108021,0.5139148430874426
ARC106395,0.34473764554252423
ARC104857,0.36776199262245457
ARC103966,0.6490688174764645
ARC108996,0.5113852987306227
ARC100797,0.1616931704606978
ARC102799,0.4576248174467809
ARC103929,0.4150078978060154
ARC100799,0.44909946759719616
ARC101235,0.5525723800855041
ARC102267,0.3945157640981559
ARC103479,0.25573523992246894
ARC104814,0.4298226056768597
ARC108521,0.5174107124114187
ARC104699,0.6202859735530625
ARC105533,0.5481098995368567
ARC102413,0.5366925830766602
ARC104004,0.4647181698600362
ARC108823,0.3752836755467341
ARC100183,0.0879993088801877
ARC108816,0.12340746772595623
ARC102331,0.6926838632434306
ARC106939,0.2257256876345669
ARC103283,0.5449249557971683
ARC101110,0.452918360448076
ARC105773,0.6286825312755431
ARC102631,0.13753583413305148
ARC103345,0.4694873956730501
ARC100194,0.29660368003773907
ARC108393,0.22665174173378
ARC108525,0.3121647449469347
ARC102448,0.633404575049865
ARC103496,0.37941216163763397
ARC106237,0.7184299167366459
ARC106105,0.652702359527362
ARC106181,0.21735025005108657
ARC102827,0.35182019590265073
ARC106431,0.25038557840475373
ARC101966,0.4457264239587024
ARC104910,0.36673812366903685
ARC101113,0.34165784022238577
ARC102976,0.32907851153900325
ARC104498,0.4465016741130805
ARC103986,0.4482756030194379
ARC108033,0.3694443448334533
ARC106921,0.36979759612295804
ARC107617,0.4924649195737671
ARC104560,0.3649835988092293
ARC104932,0.38029432430126897
ARC104200,0.2925310644995873
ARC103675,0.5492136106967155
ARC105206,0.06574040871348946
ARC104425,0.23697559734808415
ARC104015,0.6174796896532717
ARC103015,0.5597598470156319
ARC107521,0.27725550883688566
ARC102397,0.2838859362560221
ARC102959,0.6133164008648322
ARC103166,0.25744533670598463
ARC108746,0.2900866031097339
ARC107320,0.3982017183809234
ARC103707,0.5408096434751405
ARC103157,0.6623190741788086
ARC101435,0.16802645163262545
ARC102636,0.16945354080677644
ARC108306,0.5436848318565007
ARC106534,0.4209147271278957
ARC100039,0.2664186666026289
ARC100610,0.4631848488216931
ARC105373,0.5818259897324347
ARC108350,0.33131058153327886
ARC101526,0.36554671461776433
ARC102004,0.47195458377614596
ARC101421,0.3803755349190881
ARC103706,0.44835786171280145
ARC106455,0.21705065651083852
ARC102759,0.16899412505439948
ARC108156,0.24035810227106416
ARC100551,0.5678416185714161
ARC100906,0.5795206376135271
ARC107399,0.24513279651831862
ARC104529,0.41622912370016585
ARC107918,0.3084806287800746
ARC105058,0.22391020019002994
ARC100340,0.607734701340154
ARC102940,0.3004135235126527
ARC101041,0.2900698327775818
ARC100754,0.47975564396705817
ARC100312,0.3520282055040457
ARC103168,0.29275945086870236
ARC100051,0.3249239273455696
ARC107438,0.5007659597244404
ARC108360,0.2668141001954489
ARC102368,0.5084768781896579
ARC105128,0.5826324088939144
ARC100038,0.5686732980780188
ARC107199,0.5272916606625697
ARC101329,0.39162938700941946
ARC103649,0.5887083830151533
ARC107806,0.3645862150786854
ARC101740,0.6117686660622723
ARC101213,0.24442683140265162
ARC102756,0.5373172675100494
ARC103033,0.3393656326028882
ARC105984,0.49724097522047705
ARC103135,0.3680365456559587
ARC101442,0.43804774188362905
ARC103893,0.09184106755003374
ARC106516,0.4061409802941369
ARC103390,0.5149240537750388
ARC103775,0.13331440456519716
ARC106613,0.30644501953260617
ARC106654,0.19583363979312468
ARC101095,0.44526002899408396
ARC101306,0.5106965521170765
ARC106490,0.38013918144495074
ARC108128,0.4662691318814466
ARC107818,0.6119514738453692
ARC100639,0.3795218304831753
ARC106737,0.3976517966938976
ARC103223,0.09939323099769859
ARC102141,0.39955675968280124
ARC107605,0.0395621412563954
ARC101657,0.4341867201396339
ARC106191,0.5594765611047323
ARC102671,0.21953503746911604
ARC106946,0.36923702920925106
ARC105936,0.4402060988661343
ARC107085,0.6456774881402565
ARC101384,0.4994311879123189
ARC105047,0.4624601350829713
ARC108075,0.3315708977773766
ARC106357,0.1611194114130784
ARC100936,0.3264149733958244
ARC107624,0.7219929038788073
ARC105180,0.449424943473295
ARC107044,0.3695416122251221
ARC105811,0.4805792987005875
ARC108329,0.2823110463916556
ARC103273,0.6512745634460487
ARC106266,0.2703503042042009
ARC107737,0.13834763989838939
ARC108736,0.5148197125463067
ARC106074,0.23656141137680953
ARC107807,0.22568672808143242
ARC100212,0.6042758216143251
ARC108713,0.48413667819042266
ARC107586,0.476581198850098
ARC102039,0.4000177376826367
ARC105954,0.4027809870330628
ARC106759,0.40285635918444507
ARC107007,0.23220657508308604
ARC102911,0.4458061356669256
ARC107326,0.12132221832769075
ARC105685,0.35592251244317574
ARC107089,0.3640865689496781
ARC105135,0.5587913735587304
ARC106517,0.2944970467674926
ARC106505,0.543372878012252
ARC108889,0.3977069385662733
ARC106594,0.29717949735719185
ARC101991,0.4658480000516798
ARC106025,0.5813939321409443
ARC107659,0.374822027040768
ARC104016,0.27598021855946653
ARC108150,0.528515497963604
ARC101730,0.22227292416142336
ARC105068,0.3384690823217698
ARC101905,0.4014109706923858
ARC103114,0.3335581176385768
ARC108465,0.2839852461974581
ARC103355,0.24233080232139692
ARC100996,0.5189906995234482
ARC108194,0.4996741699055347
ARC103541,0.4596191520562198
ARC101872,0.19766184193083322
ARC108012,0.47875944178973695
ARC107109,0.22177817875789443
ARC100392,0.3264015525358723
ARC106092,0.43987174074821284
ARC105481,0.4466681152204637
ARC105543,0.19848446982789747
ARC102920,0.5553663352555074
ARC108316,0.312891129169972
ARC105083,0.21969673454721897
ARC107983,0.4099039777897611
ARC104310,0.4744359950711195
ARC100387,0.2670457588397407
ARC100701,0.506507564028194
ARC106371,0.41677612332621217
ARC104368,0.5343150854442472
ARC104086,0.5042444112858986
ARC107378,0.4817619704039453
ARC104639,0.5133402574181465
ARC108442,0.5077053516713778
ARC104055,0.4252598995427581
ARC106927,0.5906602385376201
ARC102242,0.573697548893443
ARC102084,0.5827145612054219
ARC102374,0.25778416795297454
ARC108500,0.16333848645568466
ARC108589,0.7588394931660618
ARC106574,0.4338231201338549
ARC103607,0.20544689320672774
ARC103918,0.19489609172349473
ARC102789,0.3042501204548242
ARC106400,0.19337908864627132
ARC108935,0.11322725040454418
ARC105308,0.34126548126865036
ARC103817,0.628911154105759
ARC108822,0.5728566220096687
ARC101003,0.5877540471271735
ARC104122,0.5206409034107448
ARC102806,0.23538704714753378
ARC101375,0.17704679491297148
ARC100561,0.3873683288463367
ARC102846,0.6435769467514829
ARC100730,0.3691550124878829
ARC101335,0.396431255856845
ARC102043,0.7417131678468742
ARC108416,0.3392029805773935
ARC101777,0.4712538779046472
ARC101944,0.4983527567445358
ARC108772,0.7722282193576262
ARC106285,0.3726402701589784
ARC107678,0.6567367411717961
ARC104881,0.4711234685623443
ARC103389,0.719734890818245
ARC100101,0.3309537898720302
ARC106340,0.2917982574983855
ARC105529,0.15795304163173157
ARC101128,0.7191299255517625
ARC108379,0.28774308350863803
ARC100083,0.16107428637575455
ARC108052,0.01939983607213064
ARC101448,0.3943036578535947
ARC103640,0.5944952499088085
ARC106821,0.5347822354793659
ARC104749,0.6401999798321112
ARC107079,0.3996411258180945
ARC102310,0.4472003212949272
ARC106914,0.43621049022108743
ARC106410,0.5869724643176077
ARC103242,0.4086941369585757
ARC101497,0.6005161871971261
ARC102306,0.489981817000244
ARC106881,0.28956964009519615
ARC106036,0.5251802627237346
ARC106795,0.4373021001747934
ARC105654,0.3428447776876007
ARC100089,0.6654912218523673
ARC103306,0.3959446878899437
ARC101355,0.5485972322604122
ARC105344,0.5563593964737292
ARC107141,0.5545178081115973
ARC103674,0.5170997170974494
ARC108068,0.5378127779147192
ARC104772,0.24113594682887993
ARC108291,0.1877230903122695
ARC108196,0.5893036801031909
ARC108154,0.43076786272751366
ARC108435,0.4604445257305684
ARC102762,0.33249029159888366
ARC103182,0.2439325036634493
ARC100780,0.632887167399694
ARC105634,0.4333607586186956
ARC107187,0.6641670165425982
ARC107279,0.5383465543007238
ARC106996,0.6117250629480868
ARC103671,0.53233456205084
ARC107257,0.6363042889154805
ARC105555,0.12987966395112882
ARC105375,0.7009388585912317
ARC108173,0.18809142699524975
ARC106173,0.11302337439222704
ARC102658,0.18213353439544977
ARC105305,0.5343727956980807
ARC103772,0.4470188051200307
ARC100648,0.29744844185506963
ARC104124,0.41670147635642474
ARC106626,0.6202292489599013
ARC106310,0.4510976588404206
ARC104230,0.5231807332713165
ARC102025,0.5383984065589558
ARC105930,0.4297917326031539
ARC101034,0.25481356378376874
ARC104340,0.3651193462701974
ARC102991,0.23033690757122172
ARC105536,0.33479036524667327
ARC108007,0.4605761991307177
ARC108604,0.5487659511825772
ARC102204,0.14310210904027848
ARC102217,0.6659245301241814
ARC100008,0.48214168211367214
ARC102862,0.4238831544025075
ARC106831,0.43213663500322624
ARC108946,0.23215965980896044
ARC101434,0.46401536498407625
ARC108693,0.46539033183450473
ARC106484,0.4561235110193318
ARC104182,0.6330396126252926
ARC108076,0.3234752762084026
ARC108164,0.23625823214012326
ARC100743,0.5918637508125904
ARC101995,0.3264726515845076
ARC104532,0.520224321420997
ARC103787,0.10638013965289078
ARC100177,0.5237804133087594
ARC102281,0.09964088600730764
ARC102906,0.35668859586843377
ARC102945,0.2009884751162849
ARC108401,0.168008725038144
ARC102198,0.4191215622225602
ARC105158,0.4304778269511294
ARC103709,0.37643994162908195
ARC102586,0.1378603104547642
ARC100672,0.3467895173167735
ARC104609,0.5206471528757972
ARC100402,0.5905072856035596
ARC100694,0.38330963789667405
ARC108543,0.16923219380227683
ARC105326,0.43381232045149853
ARC106615,0.4846466900244995
ARC104970,0.21307592458492428
ARC101241,0.44040805950884304
ARC105897,0.5256247613079416
ARC108923,0.658874422865899
ARC100917,0.5944741323851528
ARC104503,0.4235651475867116
ARC105519,0.13459115023271323
ARC105387,0.5527071768960711
ARC103062,0.40600180748764936
ARC104384,0.22019346534104875
ARC107530,0.4613891727033007
ARC101107,0.25359385172823223
ARC100351,0.5601387913713317
ARC102904,0.5552045096851201
ARC106153,0.1896948869472638
ARC103738,0.45230795290981274
ARC103759,0.275676445792345
ARC108029,0.13914637411667047
ARC107170,0.5456124693458817
ARC104106,0.7128089102899327
ARC100333,0.20410420976102442
ARC100456,0.29257314277790625
ARC105754,0.276697038922358
ARC101538,0.2306719017766406
ARC106596,0.20207381039597594
ARC107953,0.5082027049972392
ARC101965,0.1203698988497145
ARC101841,0.48795343484514236
ARC103210,0.3797283621074514
ARC107779,0.24269015630494645
ARC102961,0.34857441438405573
ARC104613,0.2937541826775594
ARC105690,0.3002086348342364
ARC106150,0.5680181669482721
ARC102345,0.5147008979186395
ARC106704,0.4490620976974622
ARC105421,0.46336823872726385
ARC100407,0.2584722436874477
ARC101040,0.49591228873664106
ARC103783,0.3866252851282464
ARC104965,0.6810231616370865
ARC107633,0.2735033479470554
ARC101197,0.43405443374494446
ARC100451,0.31248739393011976
ARC104361,0.5839642936830645
ARC105020,0.6293928075911156
ARC100095,0.33004994798436255
ARC107957,0.26816320783884817
ARC101683,0.17475128421628805
ARC101179,0.3389796616114724
ARC104674,0.45229704632464474
ARC100134,0.5590898228724298
ARC105461,0.38841857078838693
ARC108682,0.2767987444652527
ARC106234,0.5816816344025654
ARC108739,0.3859327844098439
ARC107861,0.4917567137816154
ARC105836,0.364584974639918
ARC100687,0.6910036060891009
ARC108002,0.5363021266182325
ARC100596,0.2104251253512535
ARC106450,0.41603679012039113
ARC104573,0.4471086855750249
ARC104426,0.4410677298655001
ARC106459,0.2653206525666908
ARC107051,0.5058343856292751
ARC104121,0.43775056706647997
ARC107546,0.19114435091149515
ARC105297,0.3270015489297328
ARC105271,0.4879497684697991
ARC106851,0.17908143539189644
ARC100950,0.361893816493722
ARC102287,0.4503475895322105
ARC106240,0.2756094306249405
ARC108647,0.5049867270010059
ARC108590,0.37986667905604876
ARC103272,0.44360643649569725
ARC100741,0.38834039263431136
ARC108969,0.437204440713366
ARC106268,0.5856981274601494
ARC100895,0.4095655249514512
ARC102531,0.4547113325756294
ARC106839,0.5006321076624606
ARC108976,0.17222147272100677
ARC100246,0.4935146827958701
ARC104664,0.32297972204248226
ARC107396,0.40166356539704706
ARC100949,0.5866767419417835
ARC105239,0.4848368811268406
ARC107650,0.5980515608206662
ARC105937,0.2607275765534294
ARC104954,0.34062315010197475
ARC104872,0.5106243319147823
ARC100117,0.36552620810267983
ARC108113,0.43284303550097214
ARC100788,0.5184272209166513
ARC106306,0.43698550559331395
ARC104907,0.3240243568520087
ARC101677,0.2848439952123841
ARC104352,0.516847906414998
ARC107229,0.3938521874939464
ARC102066,0.57622752698491
ARC101225,0.47410398081793126
ARC102927,0.38094068274034465
ARC107657,0.5457007908813969
ARC107440,0.3639040446181916
ARC100396,0.619486094972868
ARC102746,0.4247679436001665
ARC105275,0.47517941093735044
ARC104511,0.4068882819528813
ARC102406,0.24664117674514954
ARC102457,0.19070382201394673
ARC104076,0.6316885275499791
ARC107906,0.4384825219668367
ARC103150,0.27732831658033896
ARC101127,0.4373805974195792
ARC106640,0.3370855415706857
ARC102967,0.3500100310938939
ARC107888,0.573780188421571
ARC107182,0.5116119980546203
ARC101706,0.46427941749283785
ARC102156,0.6925444621916532
ARC102768,0.5914169685750792
ARC103290,0.16615181652201502
ARC107532,0.4800258249869849
ARC108256,0.41552337274981566
ARC101219,0.309424726233135
ARC100433,0.3245179654699496
ARC104450,0.5715340290958262
ARC107192,0.4008267761747364
ARC101782,0.504863148629147
ARC108726,0.5069319168895077
ARC105353,0.507855659157845
ARC107315,0.28252653950039675
ARC105645,0.3106148827377089
ARC104364,0.39966815036146036
ARC108340,0.4013571269009617
ARC106720,0.5808292365465064
ARC101417,0.4803762310372479
ARC106688,0.48005199568364526
ARC105758,0.3189798640650791
ARC100046,0.3143013186887005
ARC105759,0.7273837289363996
ARC102936,0.7367064092886407
ARC104571,0.17118259532366317
ARC101748,0.5452380247217452
ARC104862,0.13468796673496441
ARC101685,0.6573581069332893
ARC104290,0.5933285334002819
ARC103611,0.36775106312556016
ARC108910,0.20751900370316906
ARC106867,0.16926368680753268
ARC103221,0.38342247666657436
ARC106597,0.3824534560543878
ARC103263,0.3449555772480506
ARC106263,0.5375029800452686
ARC108652,0.2516796899253202
ARC105724,0.3836061216709603
ARC108193,0.560939147148741
ARC106957,0.33105445462413546
ARC103604,0.4445085833705938
ARC103567,0.22671531696172798
ARC106779,0.20521357286201075
ARC100898,0.3336665034957913
ARC104891,0.4583317768190413
ARC107276,0.4693968443883667
ARC101000,0.3273515322152294
ARC100405,0.5251356351838683
ARC108026,0.595821085636116
ARC104544,0.5522833361024944
ARC101074,0.5328746799976769
ARC102323,0.1666102731635448
ARC108981,0.4744335158227877
ARC102651,0.6098736230988295
ARC103003,0.3195079825648307
ARC102069,0.6391022277602499
ARC104567,0.33934710589638933
ARC108420,0.2191262651661012
ARC103763,0.498595846818625
ARC100187,0.3559687756113389
ARC108900,0.4505218446931789
ARC107411,0.4950795935711474
ARC105366,0.4839307501302704
ARC101857,0.6996978996192338
ARC102516,0.5587953532915988
ARC103922,0.3749314489386293
ARC102547,0.24084328011094924
ARC101078,0.34959220934366375
ARC106279,0.6089881198718753
ARC107858,0.507664883330031
ARC106910,0.4343521204296061
ARC101281,0.5504964762316777
ARC100889,0.4195886177864222
ARC100700,0.30625594039840415
ARC106841,0.477022521482948
ARC105224,0.31493469323368045
ARC101602,0.33364183042487616
ARC106715,0.43981867581834044
ARC103083,0.5286397788265768
ARC104159,0.30004994862964185
ARC102986,0.5450662348976978
ARC100757,0.6334635940420669
ARC105114,0.35595913500094
ARC108367,0.2391428420726429
ARC104690,0.6465639559417103
ARC103705,0.5711102273886598
ARC104678,0.5089161655913403
ARC108343,0.48038014060618556
ARC103329,0.5979111946367701
ARC101545,0.2756300180295215
ARC102253,0.22364226620634042
ARC102971,0.2935550141935606
ARC103656,0.366305466088902
ARC103742,0.5579274226374085
ARC107719,0.45389659341721994
ARC108328,0.6392642615992141
ARC108129,0.5193534459840649
ARC101121,0.6053515901785255
ARC102296,0.16110722329124139
ARC100510,0.4622020687416596
ARC106165,0.45207289187454225
ARC100991,0.36863668150110485
ARC102575,0.39973964170358134
ARC101257,0.3162200234268569
ARC101498,0.4551545500600483
ARC102567,0.26381090264086604
ARC101837,0.6829092827336383
ARC104830,0.41947004623526246
ARC107912,0.2802877947925354
ARC107119,0.42854159059450003
ARC102698,0.45752467832963634
ARC106444,0.6215722941819276
ARC104797,0.48644520328868207
ARC106531,0.6203083404243322
ARC108315,0.30585761527620325
ARC101587,0.35195070067660944
ARC106112,0.3962419805557893
ARC106121,0.4397117590726433
ARC107740,0.5582373228872137
ARC107224,0.43156993442495584
ARC108542,0.4936177005322951
ARC101202,0.40802582175689
ARC102885,0.6320189922971847
ARC100580,0.21015343821871382
ARC108907,0.42491861966455846
ARC106566,0.4991507078299672
ARC101289,0.369797216516913
ARC105498,0.37916053441286957
ARC100705,0.36736255521300964
ARC107847,0.07447931435416083
ARC103213,0.4838926110481372
ARC104863,0.07410710217125638
ARC107268,0.5411040814705445
ARC101024,0.41584548115032227
ARC104927,0.1611815409566767
ARC100053,0.5556055957750601
ARC100727,0.3066584317793766
ARC103171,0.14254155143973463
ARC101096,0.3597514389373186
ARC100446,0.14677702709166118
ARC100912,0.5157244833751359
ARC106736,0.20470445029660952
ARC105448,0.3104517683347139
ARC105352,0.5472144416527469
ARC101291,0.40946069910188637
ARC102360,0.42173932883923976
ARC106443,0.40212420197224674
ARC104217,0.2906801659117553
ARC100521,0.374674848598504
ARC104572,0.5344524149896084
ARC107195,0.4229747619372055
ARC105736,0.17906544748874761
ARC100762,0.3420767869836128
ARC107407,0.10342994243366777
ARC104027,0.27481332371885137
ARC102755,0.4869208850721549
ARC105767,0.7082730785901672
ARC104488,0.6906548615812613
ARC102423,0.3939221206239961
ARC105798,0.44012289641163366
ARC103991,0.5850849165460067
ARC104457,0.5463321737914347
ARC108409,0.3956677083470842
ARC107869,0.386293439846588
ARC106637,0.3109753935865061
ARC102633,0.4526321820491105
ARC105863,0.36992650691425355
ARC105693,0.36325242886297415
ARC108926,0.5060492762359028
ARC106124,0.17166795462252812
ARC104038,0.4887935470174466
ARC101830,0.12086819322300357
ARC106232,0.47945180674952004
ARC108862,0.44740291964736584
ARC103002,0.24427016619930322
ARC103527,0.624529578800059
ARC103530,0.5954486085077412
ARC102244,0.1397916314471631
ARC103620,0.43796675266867885
ARC101787,0.5349242005351239
ARC105408,0.4287046340890582
ARC106050,0.17112674952621448
ARC108573,0.4467551884043261
ARC102416,0.546708416814073
ARC105580,0.7053092594249913
ARC102725,0.32635232930814656
ARC108049,0.45831537032910435
ARC108687,0.40550634392539475
ARC105332,0.3937834153714052
ARC102721,0.13400204141669697
ARC108207,0.2736214030357528
ARC102661,0.5914692506542883
ARC102722,0.2613764385081312
ARC105031,0.3621923002078797
ARC106230,0.1853916627804043
ARC106016,0.14263570990818336
ARC105292,0.4796507301413552
ARC102223,0.5156551428295256
ARC106780,0.3371894352590509
ARC103908,0.22641835504431612
ARC104461,0.46760983160805847
ARC103679,0.3153508683172822
ARC107638,0.13509874269189515
ARC102235,0.22034933536308102
ARC107798,0.5773760364177859
ARC102338,0.26368218591802994
ARC105463,0.3296981464015035
ARC102142,0.3091393905198554
ARC105219,0.09901657612286524
ARC106548,0.6538080704243251
ARC105111,0.5262101169257452
ARC104886,0.15411373205662532
ARC101696,0.3397221321444016
ARC107816,0.4969645538582226
ARC100300,0.36456872587813155
ARC103116,0.4729059858097128
ARC108856,0.40244827569212693
ARC106011,0.5092402904357539
ARC106650,0.5194531017666485
ARC108683,0.1711771582164449
ARC108896,0.38921993605558103
ARC107636,0.40206399507323853
ARC102351,0.2646671049644394
ARC102684,0.6755224947404248
ARC105577,0.30183930255957053
ARC103636,0.5841513033294585
ARC101132,0.6705553174757413
ARC102657,0.1612883099055022
ARC100507,0.3554708717817109
ARC102558,0.4931011836815126
ARC102720,0.5844709200699463
ARC105988,0.34624445815211935
ARC104755,0.700085860935636
ARC103642,0.3780969428023801
ARC106859,0.39752726865648147
ARC104666,0.500974428085897
ARC107097,0.6674306765823205
ARC105524,0.42257368510784965
ARC108566,0.3049210738638209
ARC106846,0.473648574157911
ARC107943,0.5462091596327875
ARC102784,0.5453478014493891
ARC104398,0.6139381539325688
ARC102231,0.3903962830121579
ARC105045,0.5337153077860268
ARC102562,0.2860403431370474
ARC107940,0.290429142717826
ARC107142,0.48953950845911764
ARC104154,0.5348991084706531
ARC108833,0.29881341147119833
ARC102317,0.2185075275791164
ARC108046,0.6272201913898927
ARC108904,0.3654226946608284
ARC106039,0.4535549683093984
ARC107919,0.38371803331976434
ARC101874,0.5207630887844636
ARC106953,0.45524458606112544
ARC100993,0.2667373270451934
ARC100024,0.42674182441849146
ARC103529,0.28705242247096513
ARC106179,0.33036748331405447
ARC106787,0.1579121737314511
ARC106275,0.22227699806337012
ARC102977,0.3825747599741777
ARC103790,0.3375753794297871
ARC101901,0.6028097349468942
ARC106406,0.2007297149835615
ARC102140,0.6141170526187989
ARC108752,0.57068666439936
ARC101881,0.5102984492101155
ARC100145,0.25285479606883077
ARC101871,0.4991300126204641
ARC106775,0.5717700378879539
ARC107907,0.3151229578789191
ARC108455,0.4779869667143145
ARC100578,0.5165767760842473
ARC103414,0.5063763609573669
ARC105668,0.5120321522751006
ARC101506,0.5560347573958009
ARC107488,0.1716323077534904
ARC102327,0.325591106317504
ARC106338,0.5003447142080382
ARC104224,0.2597295244374339
ARC101772,0.22876290203492256
ARC107621,0.4479383276592665
ARC101769,0.5375164592254309
ARC103616,0.6357100269553503
ARC104116,0.32802833997909575
ARC103126,0.509164740958512
ARC105673,0.5216607107746324
ARC108741,0.22719676836656555
ARC105729,0.6942325638975295
ARC104056,0.18004494793069598
ARC100079,0.2943075271988119
ARC103710,0.5352700467139062
ARC108997,0.49019353546408867
ARC103725,0.7090600190806159
ARC102842,0.542109527024621
ARC108512,0.1655205579593556
ARC105541,0.3933989777461658
ARC101994,0.36307638955628524
ARC105547,0.5138954182316527
ARC104378,0.5545187547980203
ARC104323,0.056681256007388936
ARC104185,0.40582241191280033
ARC104988,0.5973014145222548
ARC104165,0.12612775192921438
ARC106947,0.6211470047286778
ARC100893,0.15144772596501327
ARC106543,0.4030810354189104
ARC102993,0.26461423124036554
ARC107157,0.2560958554972935
ARC108490,0.5642825624893089
ARC104655,0.4609674357771825
ARC102733,0.22538921616730107
ARC103508,0.3572508016971953
ARC100281,0.38656597313549845
ARC108560,0.3929848820479357
ARC106326,0.31645447901330026
ARC105379,0.3870691351062071
ARC107547,0.7189831578806334
ARC100899,0.5858900248902081
ARC102302,0.6539248405687387
ARC104348,0.3208150996369352
ARC103302,0.35773741758660327
ARC104575,0.6093542136827035
ARC104731,0.11921795794544215
ARC103503,0.660960075639258
ARC104807,0.11570888762171844
ARC104437,0.3805353205430661
ARC101915,0.7050719389259511
ARC107458,0.5620061374275931
ARC106304,0.5462640162449119
ARC101753,0.27222391811097124
ARC107102,0.4777260447094403
ARC100133,0.31833328466051575
ARC108913,0.4519210948972061
ARC101122,0.44851615620809493
ARC105212,0.5743410924705341
ARC108699,0.4458112724122034
ARC103415,0.7077857146806958
ARC103685,0.16357841165110493
ARC100584,0.4538073387080004
ARC100475,0.4573655279559784
ARC107291,0.6238245386357677
ARC106756,0.19303996832859077
ARC105589,0.24979512079731844
ARC106592,0.5396933815846494
ARC102350,0.40725655973404334
ARC101930,0.6485665892640551
ARC103023,0.27608727109443765
ARC108952,0.21351113508982716
ARC104247,0.36719914714103047
ARC100013,0.13848186347893393
ARC106647,0.32481357289319457
ARC101869,0.5793987197089109
ARC103916,0.5283082382375577
ARC101640,0.4466334635493299
ARC104363,0.5185953705551246
ARC107687,0.5472248541201371
ARC102224,0.4062358622270256
ARC104033,0.09593809107318524
ARC100704,0.46665898433148556
ARC107388,0.33599618999991065
ARC102185,0.42650875334536853
ARC106896,0.10319559575712017
ARC108551,0.5484304019313648
ARC103350,0.29884067187991176
ARC102584,0.43293530460621754
ARC107792,0.5610548619114809
ARC101818,0.44759101055849665
ARC106137,0.4257328328779113
ARC105079,0.20708492657542385
ARC105576,0.24868274753731626
ARC108603,0.40266113376117335
ARC103215,0.35256358400004195
ARC107815,0.22588339364340476
ARC108556,0.5648988221622507
ARC108965,0.191599929153912
ARC103377,0.3454051352858797
ARC100026,0.49977035956308785
ARC105926,0.337807911287543
ARC104769,0.3030970756222074
ARC107132,0.2823841064157547
ARC108760,0.31211221615401535
ARC102628,0.43479571682627316
ARC106386,0.49213313966964645
ARC106628,0.3289827368450158
ARC107327,0.47706173874677893
ARC105356,0.45746251186770126
ARC106718,0.3740189112394873
ARC107211,0.45202157802383996
ARC106175,0.2503048123749188
ARC104070,0.37392875789092506
ARC105677,0.5890416696526384
ARC106958,0.6191109157445022
ARC107802,0.44054539628861283
ARC108911,0.48751606570758194
ARC103111,0.3530923874851726
ARC101276,0.4138125509183194
ARC102644,0.565123010310882
ARC101832,0.5482557675702641
ARC103073,0.2342645191336547
ARC103996,0.43585128367426995
ARC103676,0.38138964159715316
ARC104490,0.3684477997689985
ARC104527,0.4289267949149081
ARC103601,0.4113510517144649
ARC101180,0.439419098364154
ARC105087,0.530887530634575
ARC105449,0.6151468829729858
ARC104844,0.30280592092390546
ARC101524,0.5827679761394124
ARC101185,0.10499662663407039
ARC105409,0.3845857672478246
ARC108972,0.5554692805365348
ARC108993,0.4184365750850859
ARC100000,0.5683855633457193
ARC101428,0.5621923167018404
ARC105819,0.4950876203460298
ARC106231,0.2928863104857439
ARC105024,0.6126250567755103
ARC101406,0.4005480599267235
ARC107365,0.3328531682712393
ARC103750,0.2917372229545986
ARC101496,0.16841018402611113
ARC108212,0.3272585302398036
ARC106151,0.3995696027460476
ARC101996,0.2823551366163361
ARC101064,0.4091491049894734
ARC102132,0.4473161014232022
ARC106986,0.495859963234791
ARC107589,0.41861876114724345
ARC107193,0.4259679651335353
ARC107023,0.5421053172137593
ARC101985,0.3954305207278222
ARC102893,0.1578203811897282
ARC100266,0.6652423016988973
ARC108402,0.5190595900235442
ARC100431,0.3573369453053998
ARC106034,0.41253353127285775
ARC105300,0.3311678581745937
ARC106421,0.7124811506307973
ARC107631,0.6732501420595868
ARC103576,0.5334183660663925
ARC108527,0.3274049020607535
ARC104421,0.6335856068435461
ARC102863,0.515757230353061
ARC108538,0.26199226131935727
ARC102386,0.2972269279442026
ARC106925,0.6391811037238485
ARC105550,0.48946530400852245
ARC103419,0.4521319553520318
ARC102410,0.373573274899933
ARC101026,0.5551369430483866
ARC105859,0.578405747692931
ARC108004,0.24232442681441294
ARC100985,0.511250736881496
ARC101032,0.33915527708883525
ARC100994,0.3672423846157921
ARC104202,0.5288720815208282
ARC105396,0.38438217160187904
ARC108394,0.6147548074074985
ARC102456,0.5698177700778851
ARC105689,0.4654286881598666
ARC108397,0.43496578958538484
ARC107088,0.32903722626222315
ARC105852,0.4305711853191615
ARC108055,0.39082251870192025
ARC105272,0.353776417997789
ARC103644,0.4755338814977748
ARC103398,0.4511086655642489
ARC101725,0.2459767982828648
ARC105046,0.49503432415866166
ARC105945,0.3393657674127495
ARC102648,0.4000681520749137
ARC103626,0.4704501246014343
ARC100671,0.3398265840813183
ARC104339,0.33622994118164584
ARC106608,0.44886055251543006
ARC105014,0.30438341176687767
ARC101170,0.5663262462996896
ARC107789,0.648642186362631
ARC107087,0.5236968597016473
ARC108195,0.16451861500495257
ARC106210,0.2936607529796056
ARC106768,0.13117259017720923
ARC107435,0.6390618606699794
ARC106589,0.5318499692510956
ARC101015,0.30216373999003504
ARC104156,0.5821949688380872
ARC104196,0.33032571390611676
ARC104986,0.478468477094234
ARC105266,0.6797165585475211
ARC108882,0.2247916260138956
ARC101060,0.11887151535535967
ARC102732,0.15436330083071725
ARC105071,0.3985489835642466
ARC108093,0.6656850011328972
ARC102454,0.3423051213059589
ARC101218,0.32658749145510196
ARC108141,0.5242192665900771
ARC104515,0.26490383950191204
ARC107928,0.2702612112421579
ARC105848,0.48133937946652533
ARC104679,0.5722965150125013
ARC103269,0.3644036962119699
ARC103845,0.28582358155083787
ARC103977,0.4632353778521845
ARC103733,0.3969244813267216
ARC105144,0.521449860574966
ARC101175,0.745168529261361
ARC100015,0.4283106854065056
ARC101209,0.33808807901606075
ARC103796,0.4627678182395856
ARC104770,0.19460104501841397
ARC101106,0.6475239162192166
ARC108058,0.506021120753642
ARC100594,0.5474209266978903
ARC101242,0.4839737235673176
ARC106770,0.5973982427925939
ARC107143,0.22239574286504887
ARC103521,0.3873766586873705
ARC106657,0.2705845989637925
ARC100131,0.1816209928493955
ARC100951,0.5808293922956183
ARC104879,0.15135552382892442
ARC108526,0.11681908081163211
ARC103286,0.5705935354440418
ARC106493,0.22446748162097369
ARC106944,0.3587981625575243
ARC108949,0.5997292496312647
ARC108750,0.6580745590383861
ARC105790,0.4338343328763738
ARC108148,0.3578349541154752
ARC105675,0.19659282956992427
ARC101146,0.5615052329331137
ARC105951,0.3722560649149126
ARC106474,0.5476953579502603
ARC106522,0.48837680258343563
ARC101796,0.4033089837018805
ARC104542,0.41225026701147066
ARC100684,0.5358732239927128
ARC102810,0.4609807090844875
ARC100453,0.25045074740466156
ARC103082,0.4152823368487017
ARC104341,0.4150839049057835
ARC103031,0.35914598469671544
ARC107447,0.2745656992174474
ARC106247,0.279284862273541
ARC108593,0.36086088000593075
ARC107414,0.17146277073499797
ARC101596,0.5465048057585562
ARC103028,0.5607109911986039
ARC102277,0.47642437375103686
ARC106690,0.22952658870514853
ARC106419,0.28063382849896523
ARC101781,0.36127125998494136
ARC100571,0.22207293702691167
ARC108814,0.1827465880439948
ARC108094,0.12868103692491212
ARC106407,0.1634013757687504
ARC106570,0.676997106965427
ARC107289,0.38274524481928396
ARC101999,0.4860936578420026
ARC104550,0.1462324070095538
ARC105824,0.5172357263001037
ARC102600,0.5451439913064677
ARC106117,0.40782847938172334
ARC104983,0.356295178601563
ARC103340,0.3822919255575633
ARC105658,0.2912110814084362
ARC105518,0.37221232612274646
ARC108105,0.6189738336825547
ARC108385,0.5314941012593648
ARC104594,0.37507526196991126
ARC107885,0.4324412127401234
ARC106985,0.4436606425475298
ARC107834,0.5172309649896555
ARC105495,0.19372460803743283
ARC107386,0.27107105538776355
ARC100831,0.24787827318411987
ARC105644,0.5597410553598958
ARC106241,0.27353553671420044
ARC100623,0.46497077840062623
ARC102898,0.5572023318214934
